{
  "providers":[
    {
      "type": "bitmap",
      "file": "minecraft:custom/poggers.png",
      "ascent": 9,
      "height": 9,
      "chars": ["\uE000"]
    },
    {
      "type": "bitmap",
      "file": "minecraft:custom/confusedCat.png",
      "ascent": 9,
      "height": 9,
      "chars": ["\uE001"]
    },
    {
      "type": "bitmap",
      "file": "minecraft:custom/EZ.png",
      "ascent": 9,
      "height": 9,
      "chars": ["\uE002"]
    },
    {
      "type": "bitmap",
      "file": "minecraft:custom/monkaS.png",
      "ascent": 9,
      "height": 9,
      "chars": ["\uE003"]
    },
    {
      "type": "bitmap",
      "file": "minecraft:custom/OMEGALUL.png",
      "ascent": 9,
      "height": 9,
      "chars": ["\uE004"]
    },
    {
      "type": "bitmap",
      "file": "minecraft:custom/PeepoHappy.png",
      "ascent": 9,
      "height": 9,
      "chars": ["\uE005"]
    },
    {
      "type": "bitmap",
      "file": "minecraft:custom/PepeHands.png",
      "ascent": 9,
      "height": 9,
      "chars": ["\uE006"]
    },
    {
      "type": "bitmap",
      "file": "minecraft:custom/PogU.png",
      "ascent": 9,
      "height": 9,
      "chars": ["\uE007"]
    },


    {
      "type": "bitmap",
      "file": "minecraft:font/blobDance.png",
      "ascent": 7,
      "height": 7,
      "chars": ["\uEA00"]
    },
    {
      "type": "bitmap",
      "file": "minecraft:font/catJAM.png",
      "ascent": 7,
      "height": 7,
      "chars": ["\uEA01"]
    },
    {
      "type": "bitmap",
      "file": "minecraft:font/Clap.png",
      "ascent": 7,
      "height": 7,
      "chars": ["\uEA02"]
    },
    {
      "type": "bitmap",
      "file": "minecraft:font/modCheck.png",
      "ascent": 7,
      "height": 7,
      "chars": ["\uEA03"]
    },
    {
      "type": "bitmap",
      "file": "minecraft:font/monkaBan.png",
      "ascent": 7,
      "height": 7,
      "chars": ["\uEA04"]
    },
    {
      "type": "bitmap",
      "file": "minecraft:font/peepoClap.png",
      "ascent": 7,
      "height": 7,
      "chars": ["\uEA05"]
    },
    {
      "type": "bitmap",
      "file": "minecraft:font/peepoLeave.png",
      "ascent": 7,
      "height": 7,
      "chars": ["\uEA06"]
    },
    {
      "type": "bitmap",
      "file": "minecraft:font/PepeLaugh.png",
      "ascent": 7,
      "height": 7,
      "chars": ["\uEA07"]
    },
    {
      "type": "bitmap",
      "file": "minecraft:font/popCat.png",
      "ascent": 7,
      "height": 7,
      "chars": ["\uEA08"]
    },
    {
      "type": "bitmap",
      "file": "minecraft:font/pressF.png",
      "ascent": 7,
      "height": 7,
      "chars": ["\uEA09"]
    },
    {
      "type": "bitmap",
      "file": "minecraft:font/RainbowPls.png",
      "ascent": 7,
      "height": 7,
      "chars": ["\uEA0A"]
    },
    {
      "type": "bitmap",
      "file": "minecraft:font/ThisIsFine.png",
      "ascent": 7,
      "height": 7,
      "chars": ["\uEA0B"]
    }
  ]
}